,corp,city,2
0,업종전체,합계,"2,295,565"
1,업종전체,서울특별시,"458,980"
2,업종전체,인천광역시,"115,817"
3,업종전체,경기도,"520,472"
4,업종전체,강원도,"82,677"
5,업종전체,대전광역시,"68,001"
6,업종전체,충청북도,"74,301"
7,업종전체,충청남도,"97,599"
8,업종전체,세종특별자치시,"11,313"
9,업종전체,광주광역시,"67,965"
10,업종전체,전라북도,"82,317"
11,업종전체,전라남도,"82,774"
12,업종전체,대구광역시,"110,847"
13,업종전체,경상북도,"125,481"
14,업종전체,부산광역시,"152,670"
15,업종전체,울산광역시,"50,134"
16,업종전체,경상남도,"152,758"
17,업종전체,제주특별자치도,"41,459"
18,가구점,합계,"7,450"
19,가구점,서울특별시,"1,015"
20,가구점,인천광역시,292
21,가구점,경기도,"1,873"
22,가구점,강원도,300
23,가구점,대전광역시,214
24,가구점,충청북도,287
25,가구점,충청남도,308
26,가구점,세종특별자치시,20
27,가구점,광주광역시,214
28,가구점,전라북도,391
29,가구점,전라남도,267
30,가구점,대구광역시,371
31,가구점,경상북도,461
32,가구점,부산광역시,512
33,가구점,울산광역시,180
34,가구점,경상남도,564
35,가구점,제주특별자치도,181
36,가전제품수리점,합계,"13,299"
37,가전제품수리점,서울특별시,"2,183"
38,가전제품수리점,인천광역시,958
39,가전제품수리점,경기도,"3,694"
40,가전제품수리점,강원도,465
41,가전제품수리점,대전광역시,478
42,가전제품수리점,충청북도,402
43,가전제품수리점,충청남도,556
44,가전제품수리점,세종특별자치시,47
45,가전제품수리점,광주광역시,393
46,가전제품수리점,전라북도,466
47,가전제품수리점,전라남도,456
48,가전제품수리점,대구광역시,653
49,가전제품수리점,경상북도,489
50,가전제품수리점,부산광역시,813
51,가전제품수리점,울산광역시,281
52,가전제품수리점,경상남도,790
53,가전제품수리점,제주특별자치도,175
54,가전제품판매점,합계,"9,817"
55,가전제품판매점,서울특별시,"1,495"
56,가전제품판매점,인천광역시,353
57,가전제품판매점,경기도,"1,810"
58,가전제품판매점,강원도,444
59,가전제품판매점,대전광역시,298
60,가전제품판매점,충청북도,425
61,가전제품판매점,충청남도,514
62,가전제품판매점,세종특별자치시,37
63,가전제품판매점,광주광역시,339
64,가전제품판매점,전라북도,530
65,가전제품판매점,전라남도,576
66,가전제품판매점,대구광역시,518
67,가전제품판매점,경상북도,693
68,가전제품판매점,부산광역시,622
69,가전제품판매점,울산광역시,195
70,가전제품판매점,경상남도,727
71,가전제품판매점,제주특별자치도,241
72,간이주점,합계,"15,649"
73,간이주점,서울특별시,"5,138"
74,간이주점,인천광역시,"1,640"
75,간이주점,경기도,"2,997"
76,간이주점,강원도,439
77,간이주점,대전광역시,73
78,간이주점,충청북도,476
79,간이주점,충청남도,722
80,간이주점,세종특별자치시,18
81,간이주점,광주광역시,188
82,간이주점,전라북도,369
83,간이주점,전라남도,259
84,간이주점,대구광역시,310
85,간이주점,경상북도,409
86,간이주점,부산광역시,"1,023"
87,간이주점,울산광역시,108
88,간이주점,경상남도,"1,314"
89,간이주점,제주특별자치도,166
90,간판광고물업,합계,"12,897"
91,간판광고물업,서울특별시,"2,704"
92,간판광고물업,인천광역시,544
93,간판광고물업,경기도,"3,113"
94,간판광고물업,강원도,505
95,간판광고물업,대전광역시,394
96,간판광고물업,충청북도,378
97,간판광고물업,충청남도,453
98,간판광고물업,세종특별자치시,31
99,간판광고물업,광주광역시,443
100,간판광고물업,전라북도,491
101,간판광고물업,전라남도,459
102,간판광고물업,대구광역시,777
103,간판광고물업,경상북도,641
104,간판광고물업,부산광역시,837
105,간판광고물업,울산광역시,256
106,간판광고물업,경상남도,685
107,간판광고물업,제주특별자치도,186
108,감정평가사,합계,"1,115"
109,감정평가사,서울특별시,240
110,감정평가사,인천광역시,73
111,감정평가사,경기도,358
112,감정평가사,강원도,29
113,감정평가사,대전광역시,29
114,감정평가사,충청북도,28
115,감정평가사,충청남도,35
116,감정평가사,세종특별자치시,12
117,감정평가사,광주광역시,32
118,감정평가사,전라북도,41
119,감정평가사,전라남도,18
120,감정평가사,대구광역시,55
121,감정평가사,경상북도,19
122,감정평가사,부산광역시,56
123,감정평가사,울산광역시,20
124,감정평가사,경상남도,56
125,감정평가사,제주특별자치도,14
126,건강보조식품가게,합계,"13,024"
127,건강보조식품가게,서울특별시,"2,080"
128,건강보조식품가게,인천광역시,617
129,건강보조식품가게,경기도,"2,496"
130,건강보조식품가게,강원도,496
131,건강보조식품가게,대전광역시,439
132,건강보조식품가게,충청북도,439
133,건강보조식품가게,충청남도,"1,201"
134,건강보조식품가게,세종특별자치시,34
135,건강보조식품가게,광주광역시,397
136,건강보조식품가게,전라북도,701
137,건강보조식품가게,전라남도,499
138,건강보조식품가게,대구광역시,590
139,건강보조식품가게,경상북도,886
140,건강보조식품가게,부산광역시,801
141,건강보조식품가게,울산광역시,208
142,건강보조식품가게,경상남도,988
143,건강보조식품가게,제주특별자치도,152
144,건어물가게,합계,"7,143"
145,건어물가게,서울특별시,752
146,건어물가게,인천광역시,368
147,건어물가게,경기도,797
148,건어물가게,강원도,667
149,건어물가게,대전광역시,113
150,건어물가게,충청북도,110
151,건어물가게,충청남도,630
152,건어물가게,세종특별자치시,14
153,건어물가게,광주광역시,167
154,건어물가게,전라북도,350
155,건어물가게,전라남도,888
156,건어물가게,대구광역시,162
157,건어물가게,경상북도,658
158,건어물가게,부산광역시,507
159,건어물가게,울산광역시,126
160,건어물가게,경상남도,723
161,건어물가게,제주특별자치도,111
162,건축사,합계,"9,573"
163,건축사,서울특별시,"2,431"
164,건축사,인천광역시,343
165,건축사,경기도,"1,973"
166,건축사,강원도,319
167,건축사,대전광역시,206
168,건축사,충청북도,271
169,건축사,충청남도,330
170,건축사,세종특별자치시,54
171,건축사,광주광역시,227
172,건축사,전라북도,349
173,건축사,전라남도,263
174,건축사,대구광역시,675
175,건축사,경상북도,462
176,건축사,부산광역시,669
177,건축사,울산광역시,208
178,건축사,경상남도,506
179,건축사,제주특별자치도,287
180,결혼상담소,합계,"1,573"
181,결혼상담소,서울특별시,426
182,결혼상담소,인천광역시,70
183,결혼상담소,경기도,232
184,결혼상담소,강원도,30
185,결혼상담소,대전광역시,62
186,결혼상담소,충청북도,53
187,결혼상담소,충청남도,74
188,결혼상담소,세종특별자치시,5
189,결혼상담소,광주광역시,72
190,결혼상담소,전라북도,78
191,결혼상담소,전라남도,45
192,결혼상담소,대구광역시,107
193,결혼상담소,경상북도,60
194,결혼상담소,부산광역시,125
195,결혼상담소,울산광역시,18
196,결혼상담소,경상남도,94
197,결혼상담소,제주특별자치도,22
198,곡물가게,합계,"5,035"
199,곡물가게,서울특별시,668
200,곡물가게,인천광역시,202
201,곡물가게,경기도,898
202,곡물가게,강원도,332
203,곡물가게,대전광역시,149
204,곡물가게,충청북도,239
205,곡물가게,충청남도,374
206,곡물가게,세종특별자치시,26
207,곡물가게,광주광역시,109
208,곡물가게,전라북도,362
209,곡물가게,전라남도,385
210,곡물가게,대구광역시,193
211,곡물가게,경상북도,367
212,곡물가게,부산광역시,342
213,곡물가게,울산광역시,43
214,곡물가게,경상남도,276
215,곡물가게,제주특별자치도,70
216,공인노무사,합계,837
217,공인노무사,서울특별시,378
218,공인노무사,인천광역시,38
219,공인노무사,경기도,130
220,공인노무사,강원도,14
221,공인노무사,대전광역시,19
222,공인노무사,충청북도,18
223,공인노무사,충청남도,17
224,공인노무사,세종특별자치시,5
225,공인노무사,광주광역시,22
226,공인노무사,전라북도,20
227,공인노무사,전라남도,9
228,공인노무사,대구광역시,32
229,공인노무사,경상북도,15
230,공인노무사,부산광역시,51
231,공인노무사,울산광역시,24
232,공인노무사,경상남도,39
233,공인노무사,제주특별자치도,6
234,공인회계사,합계,"1,815"
235,공인회계사,서울특별시,847
236,공인회계사,인천광역시,64
237,공인회계사,경기도,304
238,공인회계사,강원도,12
239,공인회계사,대전광역시,35
240,공인회계사,충청북도,32
241,공인회계사,충청남도,45
242,공인회계사,세종특별자치시,10
243,공인회계사,광주광역시,35
244,공인회계사,전라북도,34
245,공인회계사,전라남도,24
246,공인회계사,대구광역시,89
247,공인회계사,경상북도,28
248,공인회계사,부산광역시,130
249,공인회계사,울산광역시,27
250,공인회계사,경상남도,72
251,공인회계사,제주특별자치도,27
252,과일가게,합계,"11,615"
253,과일가게,서울특별시,"1,227"
254,과일가게,인천광역시,411
255,과일가게,경기도,"1,750"
256,과일가게,강원도,296
257,과일가게,대전광역시,305
258,과일가게,충청북도,646
259,과일가게,충청남도,666
260,과일가게,세종특별자치시,89
261,과일가게,광주광역시,284
262,과일가게,전라북도,575
263,과일가게,전라남도,677
264,과일가게,대구광역시,364
265,과일가게,경상북도,"1,343"
266,과일가게,부산광역시,611
267,과일가게,울산광역시,160
268,과일가게,경상남도,"1,188"
269,과일가게,제주특별자치도,"1,023"
270,교습소ㆍ공부방,합계,"30,403"
271,교습소ㆍ공부방,서울특별시,"6,647"
272,교습소ㆍ공부방,인천광역시,"1,588"
273,교습소ㆍ공부방,경기도,"7,235"
274,교습소ㆍ공부방,강원도,852
275,교습소ㆍ공부방,대전광역시,"1,223"
276,교습소ㆍ공부방,충청북도,704
277,교습소ㆍ공부방,충청남도,"1,043"
278,교습소ㆍ공부방,세종특별자치시,193
279,교습소ㆍ공부방,광주광역시,656
280,교습소ㆍ공부방,전라북도,650
281,교습소ㆍ공부방,전라남도,607
282,교습소ㆍ공부방,대구광역시,"2,336"
283,교습소ㆍ공부방,경상북도,"1,581"
284,교습소ㆍ공부방,부산광역시,"2,215"
285,교습소ㆍ공부방,울산광역시,599
286,교습소ㆍ공부방,경상남도,"1,817"
287,교습소ㆍ공부방,제주특별자치도,457
288,교습학원,합계,"55,710"
289,교습학원,서울특별시,"10,367"
290,교습학원,인천광역시,"2,464"
291,교습학원,경기도,"14,592"
292,교습학원,강원도,"1,464"
293,교습학원,대전광역시,"1,304"
294,교습학원,충청북도,"1,479"
295,교습학원,충청남도,"1,837"
296,교습학원,세종특별자치시,371
297,교습학원,광주광역시,"2,410"
298,교습학원,전라북도,"2,426"
299,교습학원,전라남도,"1,803"
300,교습학원,대구광역시,"2,610"
301,교습학원,경상북도,"2,643"
302,교습학원,부산광역시,"3,505"
303,교습학원,울산광역시,"1,722"
304,교습학원,경상남도,"4,021"
305,교습학원,제주특별자치도,692
306,구내식당,합계,"23,279"
307,구내식당,서울특별시,"4,362"
308,구내식당,인천광역시,"1,459"
309,구내식당,경기도,"5,667"
310,구내식당,강원도,647
311,구내식당,대전광역시,738
312,구내식당,충청북도,794
313,구내식당,충청남도,"1,091"
314,구내식당,세종특별자치시,83
315,구내식당,광주광역시,415
316,구내식당,전라북도,844
317,구내식당,전라남도,696
318,구내식당,대구광역시,949
319,구내식당,경상북도,"1,397"
320,구내식당,부산광역시,"1,538"
321,구내식당,울산광역시,462
322,구내식당,경상남도,"1,966"
323,구내식당,제주특별자치도,171
324,기술및직업훈련학원,합계,"12,320"
325,기술및직업훈련학원,서울특별시,"2,795"
326,기술및직업훈련학원,인천광역시,486
327,기술및직업훈련학원,경기도,"2,736"
328,기술및직업훈련학원,강원도,356
329,기술및직업훈련학원,대전광역시,427
330,기술및직업훈련학원,충청북도,337
331,기술및직업훈련학원,충청남도,454
332,기술및직업훈련학원,세종특별자치시,84
333,기술및직업훈련학원,광주광역시,472
334,기술및직업훈련학원,전라북도,454
335,기술및직업훈련학원,전라남도,395
336,기술및직업훈련학원,대구광역시,702
337,기술및직업훈련학원,경상북도,505
338,기술및직업훈련학원,부산광역시,880
339,기술및직업훈련학원,울산광역시,298
340,기술및직업훈련학원,경상남도,748
341,기술및직업훈련학원,제주특별자치도,191
342,기술사,합계,"1,001"
343,기술사,서울특별시,276
344,기술사,인천광역시,26
345,기술사,경기도,224
346,기술사,강원도,33
347,기술사,대전광역시,26
348,기술사,충청북도,35
349,기술사,충청남도,27
350,기술사,세종특별자치시,3
351,기술사,광주광역시,33
352,기술사,전라북도,34
353,기술사,전라남도,38
354,기술사,대구광역시,32
355,기술사,경상북도,38
356,기술사,부산광역시,60
357,기술사,울산광역시,18
358,기술사,경상남도,82
359,기술사,제주특별자치도,16
360,기타 일반의원,합계,"3,175"
361,기타 일반의원,서울특별시,864
362,기타 일반의원,인천광역시,145
363,기타 일반의원,경기도,622
364,기타 일반의원,강원도,66
365,기타 일반의원,대전광역시,138
366,기타 일반의원,충청북도,94
367,기타 일반의원,충청남도,99
368,기타 일반의원,세종특별자치시,18
369,기타 일반의원,광주광역시,123
370,기타 일반의원,전라북도,171
371,기타 일반의원,전라남도,106
372,기타 일반의원,대구광역시,153
373,기타 일반의원,경상북도,106
374,기타 일반의원,부산광역시,221
375,기타 일반의원,울산광역시,51
376,기타 일반의원,경상남도,143
377,기타 일반의원,제주특별자치도,55
378,기타외국식전문점,합계,"22,738"
379,기타외국식전문점,서울특별시,"6,994"
380,기타외국식전문점,인천광역시,740
381,기타외국식전문점,경기도,"4,534"
382,기타외국식전문점,강원도,757
383,기타외국식전문점,대전광역시,578
384,기타외국식전문점,충청북도,452
385,기타외국식전문점,충청남도,677
386,기타외국식전문점,세종특별자치시,150
387,기타외국식전문점,광주광역시,358
388,기타외국식전문점,전라북도,721
389,기타외국식전문점,전라남도,394
390,기타외국식전문점,대구광역시,"1,196"
391,기타외국식전문점,경상북도,699
392,기타외국식전문점,부산광역시,"1,831"
393,기타외국식전문점,울산광역시,731
394,기타외국식전문점,경상남도,"1,191"
395,기타외국식전문점,제주특별자치도,735
396,기타음식점,합계,"24,291"
397,기타음식점,서울특별시,"4,826"
398,기타음식점,인천광역시,"1,041"
399,기타음식점,경기도,"5,594"
400,기타음식점,강원도,"1,024"
401,기타음식점,대전광역시,586
402,기타음식점,충청북도,697
403,기타음식점,충청남도,"1,043"
404,기타음식점,세종특별자치시,99
405,기타음식점,광주광역시,"1,049"
406,기타음식점,전라북도,706
407,기타음식점,전라남도,857
408,기타음식점,대구광역시,"1,273"
409,기타음식점,경상북도,"1,158"
410,기타음식점,부산광역시,"1,649"
411,기타음식점,울산광역시,488
412,기타음식점,경상남도,"1,808"
413,기타음식점,제주특별자치도,393
414,꽃가게,합계,"21,192"
415,꽃가게,서울특별시,"4,183"
416,꽃가게,인천광역시,893
417,꽃가게,경기도,"4,838"
418,꽃가게,강원도,611
419,꽃가게,대전광역시,659
420,꽃가게,충청북도,765
421,꽃가게,충청남도,918
422,꽃가게,세종특별자치시,91
423,꽃가게,광주광역시,733
424,꽃가게,전라북도,880
425,꽃가게,전라남도,902
426,꽃가게,대구광역시,"1,040"
427,꽃가게,경상북도,"1,188"
428,꽃가게,부산광역시,"1,214"
429,꽃가게,울산광역시,475
430,꽃가게,경상남도,"1,511"
431,꽃가게,제주특별자치도,291
432,내과ㆍ소아과 의원,합계,"11,297"
433,내과ㆍ소아과 의원,서울특별시,"2,453"
434,내과ㆍ소아과 의원,인천광역시,594
435,내과ㆍ소아과 의원,경기도,"2,548"
436,내과ㆍ소아과 의원,강원도,324
437,내과ㆍ소아과 의원,대전광역시,384
438,내과ㆍ소아과 의원,충청북도,312
439,내과ㆍ소아과 의원,충청남도,441
440,내과ㆍ소아과 의원,세종특별자치시,63
441,내과ㆍ소아과 의원,광주광역시,330
442,내과ㆍ소아과 의원,전라북도,432
443,내과ㆍ소아과 의원,전라남도,450
444,내과ㆍ소아과 의원,대구광역시,565
445,내과ㆍ소아과 의원,경상북도,532
446,내과ㆍ소아과 의원,부산광역시,816
447,내과ㆍ소아과 의원,울산광역시,227
448,내과ㆍ소아과 의원,경상남도,676
449,내과ㆍ소아과 의원,제주특별자치도,150
450,노래방,합계,"31,179"
451,노래방,서울특별시,"5,931"
452,노래방,인천광역시,"2,361"
453,노래방,경기도,"7,373"
454,노래방,강원도,866
455,노래방,대전광역시,"1,341"
456,노래방,충청북도,"1,146"
457,노래방,충청남도,"1,229"
458,노래방,세종특별자치시,142
459,노래방,광주광역시,"1,102"
460,노래방,전라북도,849
461,노래방,전라남도,767
462,노래방,대구광역시,"1,788"
463,노래방,경상북도,"1,644"
464,노래방,부산광역시,"1,858"
465,노래방,울산광역시,792
466,노래방,경상남도,"1,697"
467,노래방,제주특별자치도,293
468,담배가게,합계,"13,386"
469,담배가게,서울특별시,"2,399"
470,담배가게,인천광역시,370
471,담배가게,경기도,"1,638"
472,담배가게,강원도,612
473,담배가게,대전광역시,309
474,담배가게,충청북도,552
475,담배가게,충청남도,614
476,담배가게,세종특별자치시,40
477,담배가게,광주광역시,325
478,담배가게,전라북도,657
479,담배가게,전라남도,"1,045"
480,담배가게,대구광역시,566
481,담배가게,경상북도,"1,419"
482,담배가게,부산광역시,"1,253"
483,담배가게,울산광역시,247
484,담배가게,경상남도,"1,155"
485,담배가게,제주특별자치도,185
486,당구장,합계,"18,530"
487,당구장,서울특별시,"3,323"
488,당구장,인천광역시,"1,171"
489,당구장,경기도,"4,688"
490,당구장,강원도,800
491,당구장,대전광역시,541
492,당구장,충청북도,694
493,당구장,충청남도,847
494,당구장,세종특별자치시,93
495,당구장,광주광역시,479
496,당구장,전라북도,612
497,당구장,전라남도,701
498,당구장,대구광역시,657
499,당구장,경상북도,939
500,당구장,부산광역시,"1,010"
501,당구장,울산광역시,519
502,당구장,경상남도,"1,140"
503,당구장,제주특별자치도,316
504,독서실,합계,"9,884"
505,독서실,서울특별시,"3,577"
506,독서실,인천광역시,440
507,독서실,경기도,"2,462"
508,독서실,강원도,153
509,독서실,대전광역시,236
510,독서실,충청북도,188
511,독서실,충청남도,229
512,독서실,세종특별자치시,25
513,독서실,광주광역시,370
514,독서실,전라북도,268
515,독서실,전라남도,159
516,독서실,대구광역시,395
517,독서실,경상북도,222
518,독서실,부산광역시,444
519,독서실,울산광역시,236
520,독서실,경상남도,397
521,독서실,제주특별자치도,83
522,동물병원,합계,"4,018"
523,동물병원,서울특별시,817
524,동물병원,인천광역시,188
525,동물병원,경기도,"1,029"
526,동물병원,강원도,95
527,동물병원,대전광역시,101
528,동물병원,충청북도,104
529,동물병원,충청남도,177
530,동물병원,세종특별자치시,21
531,동물병원,광주광역시,99
532,동물병원,전라북도,159
533,동물병원,전라남도,154
534,동물병원,대구광역시,165
535,동물병원,경상북도,262
536,동물병원,부산광역시,233
537,동물병원,울산광역시,73
538,동물병원,경상남도,266
539,동물병원,제주특별자치도,75
540,목욕탕,합계,"5,606"
541,목욕탕,서울특별시,758
542,목욕탕,인천광역시,212
543,목욕탕,경기도,763
544,목욕탕,강원도,183
545,목욕탕,대전광역시,100
546,목욕탕,충청북도,143
547,목욕탕,충청남도,197
548,목욕탕,세종특별자치시,12
549,목욕탕,광주광역시,187
550,목욕탕,전라북도,209
551,목욕탕,전라남도,300
552,목욕탕,대구광역시,283
553,목욕탕,경상북도,419
554,목욕탕,부산광역시,764
555,목욕탕,울산광역시,180
556,목욕탕,경상남도,783
557,목욕탕,제주특별자치도,113
558,문구점,합계,"9,284"
559,문구점,서울특별시,"1,597"
560,문구점,인천광역시,476
561,문구점,경기도,"2,131"
562,문구점,강원도,387
563,문구점,대전광역시,312
564,문구점,충청북도,336
565,문구점,충청남도,429
566,문구점,세종특별자치시,75
567,문구점,광주광역시,290
568,문구점,전라북도,434
569,문구점,전라남도,426
570,문구점,대구광역시,352
571,문구점,경상북도,539
572,문구점,부산광역시,514
573,문구점,울산광역시,195
574,문구점,경상남도,642
575,문구점,제주특별자치도,149
576,미용실,합계,"98,822"
577,미용실,서울특별시,"17,774"
578,미용실,인천광역시,"5,310"
579,미용실,경기도,"22,149"
580,미용실,강원도,"3,473"
581,미용실,대전광역시,"3,220"
582,미용실,충청북도,"3,355"
583,미용실,충청남도,"4,078"
584,미용실,세종특별자치시,365
585,미용실,광주광역시,"3,111"
586,미용실,전라북도,"3,724"
587,미용실,전라남도,"3,397"
588,미용실,대구광역시,"5,252"
589,미용실,경상북도,"5,685"
590,미용실,부산광역시,"7,307"
591,미용실,울산광역시,"2,543"
592,미용실,경상남도,"6,764"
593,미용실,제주특별자치도,"1,315"
594,법무사,합계,"6,396"
595,법무사,서울특별시,"1,921"
596,법무사,인천광역시,282
597,법무사,경기도,"1,201"
598,법무사,강원도,191
599,법무사,대전광역시,156
600,법무사,충청북도,164
601,법무사,충청남도,214
602,법무사,세종특별자치시,19
603,법무사,광주광역시,222
604,법무사,전라북도,230
605,법무사,전라남도,207
606,법무사,대구광역시,291
607,법무사,경상북도,258
608,법무사,부산광역시,460
609,법무사,울산광역시,112
610,법무사,경상남도,384
611,법무사,제주특별자치도,84
612,변리사,합계,981
613,변리사,서울특별시,691
614,변리사,인천광역시,16
615,변리사,경기도,86
616,변리사,강원도,0
617,변리사,대전광역시,90
618,변리사,충청북도,4
619,변리사,충청남도,5
620,변리사,세종특별자치시,0
621,변리사,광주광역시,11
622,변리사,전라북도,6
623,변리사,전라남도,0
624,변리사,대구광역시,23
625,변리사,경상북도,3
626,변리사,부산광역시,29
627,변리사,울산광역시,4
628,변리사,경상남도,9
629,변리사,제주특별자치도,0
630,변호사,합계,"7,057"
631,변호사,서울특별시,"3,637"
632,변호사,인천광역시,241
633,변호사,경기도,918
634,변호사,강원도,110
635,변호사,대전광역시,215
636,변호사,충청북도,103
637,변호사,충청남도,130
638,변호사,세종특별자치시,17
639,변호사,광주광역시,210
640,변호사,전라북도,179
641,변호사,전라남도,90
642,변호사,대구광역시,264
643,변호사,경상북도,116
644,변호사,부산광역시,413
645,변호사,울산광역시,118
646,변호사,경상남도,218
647,변호사,제주특별자치도,78
648,부동산중개업,합계,"122,294"
649,부동산중개업,서울특별시,"30,103"
650,부동산중개업,인천광역시,"6,562"
651,부동산중개업,경기도,"33,675"
652,부동산중개업,강원도,"2,557"
653,부동산중개업,대전광역시,"3,169"
654,부동산중개업,충청북도,"2,873"
655,부동산중개업,충청남도,"4,105"
656,부동산중개업,세종특별자치시,"1,281"
657,부동산중개업,광주광역시,"3,889"
658,부동산중개업,전라북도,"3,156"
659,부동산중개업,전라남도,"2,136"
660,부동산중개업,대구광역시,"5,525"
661,부동산중개업,경상북도,"4,192"
662,부동산중개업,부산광역시,"7,895"
663,부동산중개업,울산광역시,"2,313"
664,부동산중개업,경상남도,"6,975"
665,부동산중개업,제주특별자치도,"1,888"
666,분식점,합계,"54,046"
667,분식점,서울특별시,"11,083"
668,분식점,인천광역시,"2,550"
669,분식점,경기도,"12,695"
670,분식점,강원도,"1,575"
671,분식점,대전광역시,"2,032"
672,분식점,충청북도,"2,227"
673,분식점,충청남도,"2,306"
674,분식점,세종특별자치시,195
675,분식점,광주광역시,"1,697"
676,분식점,전라북도,"1,923"
677,분식점,전라남도,"1,399"
678,분식점,대구광역시,"2,310"
679,분식점,경상북도,"2,454"
680,분식점,부산광역시,"4,097"
681,분식점,울산광역시,735
682,분식점,경상남도,"3,992"
683,분식점,제주특별자치도,776
684,사진촬영업,합계,"13,454"
685,사진촬영업,서울특별시,"4,460"
686,사진촬영업,인천광역시,610
687,사진촬영업,경기도,"2,739"
688,사진촬영업,강원도,388
689,사진촬영업,대전광역시,383
690,사진촬영업,충청북도,301
691,사진촬영업,충청남도,374
692,사진촬영업,세종특별자치시,51
693,사진촬영업,광주광역시,385
694,사진촬영업,전라북도,416
695,사진촬영업,전라남도,317
696,사진촬영업,대구광역시,618
697,사진촬영업,경상북도,500
698,사진촬영업,부산광역시,793
699,사진촬영업,울산광역시,222
700,사진촬영업,경상남도,588
701,사진촬영업,제주특별자치도,309
702,산부인과 의원,합계,"1,662"
703,산부인과 의원,서울특별시,502
704,산부인과 의원,인천광역시,77
705,산부인과 의원,경기도,328
706,산부인과 의원,강원도,36
707,산부인과 의원,대전광역시,61
708,산부인과 의원,충청북도,49
709,산부인과 의원,충청남도,48
710,산부인과 의원,세종특별자치시,8
711,산부인과 의원,광주광역시,52
712,산부인과 의원,전라북도,57
713,산부인과 의원,전라남도,25
714,산부인과 의원,대구광역시,103
715,산부인과 의원,경상북도,68
716,산부인과 의원,부산광역시,102
717,산부인과 의원,울산광역시,41
718,산부인과 의원,경상남도,83
719,산부인과 의원,제주특별자치도,22
720,생선가게,합계,"11,006"
721,생선가게,서울특별시,"1,497"
722,생선가게,인천광역시,717
723,생선가게,경기도,"1,158"
724,생선가게,강원도,419
725,생선가게,대전광역시,158
726,생선가게,충청북도,145
727,생선가게,충청남도,717
728,생선가게,세종특별자치시,17
729,생선가게,광주광역시,318
730,생선가게,전라북도,589
731,생선가게,전라남도,"1,515"
732,생선가게,대구광역시,209
733,생선가게,경상북도,841
734,생선가게,부산광역시,"1,054"
735,생선가게,울산광역시,390
736,생선가게,경상남도,848
737,생선가게,제주특별자치도,414
738,서점,합계,"8,198"
739,서점,서울특별시,"1,612"
740,서점,인천광역시,367
741,서점,경기도,"1,850"
742,서점,강원도,239
743,서점,대전광역시,343
744,서점,충청북도,246
745,서점,충청남도,346
746,서점,세종특별자치시,59
747,서점,광주광역시,266
748,서점,전라북도,342
749,서점,전라남도,245
750,서점,대구광역시,516
751,서점,경상북도,374
752,서점,부산광역시,574
753,서점,울산광역시,189
754,서점,경상남도,494
755,서점,제주특별자치도,136
756,성형외과 의원,합계,"1,440"
757,성형외과 의원,서울특별시,697
758,성형외과 의원,인천광역시,45
759,성형외과 의원,경기도,189
760,성형외과 의원,강원도,17
761,성형외과 의원,대전광역시,43
762,성형외과 의원,충청북도,23
763,성형외과 의원,충청남도,28
764,성형외과 의원,세종특별자치시,5
765,성형외과 의원,광주광역시,46
766,성형외과 의원,전라북도,26
767,성형외과 의원,전라남도,16
768,성형외과 의원,대구광역시,76
769,성형외과 의원,경상북도,15
770,성형외과 의원,부산광역시,134
771,성형외과 의원,울산광역시,20
772,성형외과 의원,경상남도,40
773,성형외과 의원,제주특별자치도,20
774,세무사,합계,"12,108"
775,세무사,서울특별시,"4,975"
776,세무사,인천광역시,506
777,세무사,경기도,"2,650"
778,세무사,강원도,169
779,세무사,대전광역시,273
780,세무사,충청북도,165
781,세무사,충청남도,257
782,세무사,세종특별자치시,40
783,세무사,광주광역시,303
784,세무사,전라북도,265
785,세무사,전라남도,130
786,세무사,대구광역시,540
787,세무사,경상북도,229
788,세무사,부산광역시,931
789,세무사,울산광역시,160
790,세무사,경상남도,413
791,세무사,제주특별자치도,102
792,세탁소,합계,"22,742"
793,세탁소,서울특별시,"4,477"
794,세탁소,인천광역시,"1,204"
795,세탁소,경기도,"5,186"
796,세탁소,강원도,901
797,세탁소,대전광역시,867
798,세탁소,충청북도,866
799,세탁소,충청남도,"1,084"
800,세탁소,세종특별자치시,93
801,세탁소,광주광역시,827
802,세탁소,전라북도,860
803,세탁소,전라남도,786
804,세탁소,대구광역시,815
805,세탁소,경상북도,"1,217"
806,세탁소,부산광역시,"1,288"
807,세탁소,울산광역시,422
808,세탁소,경상남도,"1,255"
809,세탁소,제주특별자치도,594
810,슈퍼마켓,합계,"29,965"
811,슈퍼마켓,서울특별시,"4,067"
812,슈퍼마켓,인천광역시,"1,901"
813,슈퍼마켓,경기도,"8,038"
814,슈퍼마켓,강원도,"1,016"
815,슈퍼마켓,대전광역시,683
816,슈퍼마켓,충청북도,957
817,슈퍼마켓,충청남도,"1,201"
818,슈퍼마켓,세종특별자치시,135
819,슈퍼마켓,광주광역시,875
820,슈퍼마켓,전라북도,"1,001"
821,슈퍼마켓,전라남도,"1,214"
822,슈퍼마켓,대구광역시,"1,766"
823,슈퍼마켓,경상북도,"1,872"
824,슈퍼마켓,부산광역시,"1,950"
825,슈퍼마켓,울산광역시,901
826,슈퍼마켓,경상남도,"1,974"
827,슈퍼마켓,제주특별자치도,414
828,스포츠교육기관,합계,"23,362"
829,스포츠교육기관,서울특별시,"4,277"
830,스포츠교육기관,인천광역시,"1,273"
831,스포츠교육기관,경기도,"5,964"
832,스포츠교육기관,강원도,659
833,스포츠교육기관,대전광역시,771
834,스포츠교육기관,충청북도,695
835,스포츠교육기관,충청남도,850
836,스포츠교육기관,세종특별자치시,167
837,스포츠교육기관,광주광역시,866
838,스포츠교육기관,전라북도,790
839,스포츠교육기관,전라남도,669
840,스포츠교육기관,대구광역시,"1,206"
841,스포츠교육기관,경상북도,"1,063"
842,스포츠교육기관,부산광역시,"1,571"
843,스포츠교육기관,울산광역시,552
844,스포츠교육기관,경상남도,"1,632"
845,스포츠교육기관,제주특별자치도,357
846,스포츠시설운영업,합계,"6,930"
847,스포츠시설운영업,서울특별시,"1,920"
848,스포츠시설운영업,인천광역시,370
849,스포츠시설운영업,경기도,"1,813"
850,스포츠시설운영업,강원도,224
851,스포츠시설운영업,대전광역시,183
852,스포츠시설운영업,충청북도,158
853,스포츠시설운영업,충청남도,180
854,스포츠시설운영업,세종특별자치시,34
855,스포츠시설운영업,광주광역시,202
856,스포츠시설운영업,전라북도,245
857,스포츠시설운영업,전라남도,142
858,스포츠시설운영업,대구광역시,242
859,스포츠시설운영업,경상북도,235
860,스포츠시설운영업,부산광역시,399
861,스포츠시설운영업,울산광역시,112
862,스포츠시설운영업,경상남도,352
863,스포츠시설운영업,제주특별자치도,119
864,스포츠용품점,합계,"14,982"
865,스포츠용품점,서울특별시,"1,445"
866,스포츠용품점,인천광역시,503
867,스포츠용품점,경기도,"3,043"
868,스포츠용품점,강원도,834
869,스포츠용품점,대전광역시,397
870,스포츠용품점,충청북도,647
871,스포츠용품점,충청남도,998
872,스포츠용품점,세종특별자치시,53
873,스포츠용품점,광주광역시,434
874,스포츠용품점,전라북도,901
875,스포츠용품점,전라남도,954
876,스포츠용품점,대구광역시,700
877,스포츠용품점,경상북도,"1,236"
878,스포츠용품점,부산광역시,720
879,스포츠용품점,울산광역시,288
880,스포츠용품점,경상남도,"1,385"
881,스포츠용품점,제주특별자치도,444
882,시계ㆍ귀금속점,합계,"8,119"
883,시계ㆍ귀금속점,서울특별시,"1,902"
884,시계ㆍ귀금속점,인천광역시,340
885,시계ㆍ귀금속점,경기도,"1,272"
886,시계ㆍ귀금속점,강원도,240
887,시계ㆍ귀금속점,대전광역시,222
888,시계ㆍ귀금속점,충청북도,249
889,시계ㆍ귀금속점,충청남도,318
890,시계ㆍ귀금속점,세종특별자치시,16
891,시계ㆍ귀금속점,광주광역시,258
892,시계ㆍ귀금속점,전라북도,376
893,시계ㆍ귀금속점,전라남도,282
894,시계ㆍ귀금속점,대구광역시,547
895,시계ㆍ귀금속점,경상북도,439
896,시계ㆍ귀금속점,부산광역시,781
897,시계ㆍ귀금속점,울산광역시,220
898,시계ㆍ귀금속점,경상남도,561
899,시계ㆍ귀금속점,제주특별자치도,96
900,식료품가게,합계,"50,004"
901,식료품가게,서울특별시,"5,718"
902,식료품가게,인천광역시,"2,140"
903,식료품가게,경기도,"8,873"
904,식료품가게,강원도,"2,961"
905,식료품가게,대전광역시,"1,430"
906,식료품가게,충청북도,"2,328"
907,식료품가게,충청남도,"3,452"
908,식료품가게,세종특별자치시,227
909,식료품가게,광주광역시,"1,477"
910,식료품가게,전라북도,"3,521"
911,식료품가게,전라남도,"3,716"
912,식료품가게,대구광역시,"1,707"
913,식료품가게,경상북도,"3,597"
914,식료품가게,부산광역시,"3,219"
915,식료품가게,울산광역시,766
916,식료품가게,경상남도,"4,032"
917,식료품가게,제주특별자치도,840
918,신경정신과 의원,합계,"1,649"
919,신경정신과 의원,서울특별시,448
920,신경정신과 의원,인천광역시,68
921,신경정신과 의원,경기도,361
922,신경정신과 의원,강원도,35
923,신경정신과 의원,대전광역시,71
924,신경정신과 의원,충청북도,45
925,신경정신과 의원,충청남도,51
926,신경정신과 의원,세종특별자치시,10
927,신경정신과 의원,광주광역시,47
928,신경정신과 의원,전라북도,66
929,신경정신과 의원,전라남도,39
930,신경정신과 의원,대구광역시,103
931,신경정신과 의원,경상북도,49
932,신경정신과 의원,부산광역시,141
933,신경정신과 의원,울산광역시,25
934,신경정신과 의원,경상남도,69
935,신경정신과 의원,제주특별자치도,21
936,신발가게,합계,"6,784"
937,신발가게,서울특별시,"1,399"
938,신발가게,인천광역시,361
939,신발가게,경기도,"1,265"
940,신발가게,강원도,256
941,신발가게,대전광역시,195
942,신발가게,충청북도,244
943,신발가게,충청남도,295
944,신발가게,세종특별자치시,23
945,신발가게,광주광역시,215
946,신발가게,전라북도,313
947,신발가게,전라남도,265
948,신발가게,대구광역시,338
949,신발가게,경상북도,384
950,신발가게,부산광역시,566
951,신발가게,울산광역시,120
952,신발가게,경상남도,435
953,신발가게,제주특별자치도,110
954,실내스크린골프점,합계,"4,590"
955,실내스크린골프점,서울특별시,645
956,실내스크린골프점,인천광역시,190
957,실내스크린골프점,경기도,"1,161"
958,실내스크린골프점,강원도,142
959,실내스크린골프점,대전광역시,144
960,실내스크린골프점,충청북도,170
961,실내스크린골프점,충청남도,202
962,실내스크린골프점,세종특별자치시,25
963,실내스크린골프점,광주광역시,111
964,실내스크린골프점,전라북도,176
965,실내스크린골프점,전라남도,155
966,실내스크린골프점,대구광역시,273
967,실내스크린골프점,경상북도,267
968,실내스크린골프점,부산광역시,298
969,실내스크린골프점,울산광역시,166
970,실내스크린골프점,경상남도,394
971,실내스크린골프점,제주특별자치도,71
972,실내장식가게,합계,"52,386"
973,실내장식가게,서울특별시,"13,252"
974,실내장식가게,인천광역시,"2,994"
975,실내장식가게,경기도,"15,302"
976,실내장식가게,강원도,959
977,실내장식가게,대전광역시,"1,710"
978,실내장식가게,충청북도,"1,138"
979,실내장식가게,충청남도,"1,331"
980,실내장식가게,세종특별자치시,194
981,실내장식가게,광주광역시,"1,862"
982,실내장식가게,전라북도,217
983,실내장식가게,전라남도,"1,082"
984,실내장식가게,대구광역시,"2,384"
985,실내장식가게,경상북도,"1,640"
986,실내장식가게,부산광역시,"3,784"
987,실내장식가게,울산광역시,968
988,실내장식가게,경상남도,"2,508"
989,실내장식가게,제주특별자치도,"1,061"
990,실외골프연습장,합계,"2,324"
991,실외골프연습장,서울특별시,379
992,실외골프연습장,인천광역시,78
993,실외골프연습장,경기도,517
994,실외골프연습장,강원도,113
995,실외골프연습장,대전광역시,62
996,실외골프연습장,충청북도,105
997,실외골프연습장,충청남도,104
998,실외골프연습장,세종특별자치시,6
999,실외골프연습장,광주광역시,46
1000,실외골프연습장,전라북도,96
1001,실외골프연습장,전라남도,93
1002,실외골프연습장,대구광역시,103
1003,실외골프연습장,경상북도,201
1004,실외골프연습장,부산광역시,145
1005,실외골프연습장,울산광역시,50
1006,실외골프연습장,경상남도,173
1007,실외골프연습장,제주특별자치도,53
1008,안경점,합계,"9,116"
1009,안경점,서울특별시,"2,060"
1010,안경점,인천광역시,426
1011,안경점,경기도,"1,913"
1012,안경점,강원도,244
1013,안경점,대전광역시,316
1014,안경점,충청북도,285
1015,안경점,충청남도,334
1016,안경점,세종특별자치시,39
1017,안경점,광주광역시,346
1018,안경점,전라북도,349
1019,안경점,전라남도,302
1020,안경점,대구광역시,489
1021,안경점,경상북도,424
1022,안경점,부산광역시,650
1023,안경점,울산광역시,228
1024,안경점,경상남도,592
1025,안경점,제주특별자치도,119
1026,안과 의원,합계,"1,639"
1027,안과 의원,서울특별시,440
1028,안과 의원,인천광역시,66
1029,안과 의원,경기도,348
1030,안과 의원,강원도,41
1031,안과 의원,대전광역시,47
1032,안과 의원,충청북도,40
1033,안과 의원,충청남도,52
1034,안과 의원,세종특별자치시,5
1035,안과 의원,광주광역시,40
1036,안과 의원,전라북도,63
1037,안과 의원,전라남도,51
1038,안과 의원,대구광역시,101
1039,안과 의원,경상북도,69
1040,안과 의원,부산광역시,132
1041,안과 의원,울산광역시,33
1042,안과 의원,경상남도,91
1043,안과 의원,제주특별자치도,20
1044,애완용품점,합계,"7,732"
1045,애완용품점,서울특별시,"1,301"
1046,애완용품점,인천광역시,483
1047,애완용품점,경기도,"2,295"
1048,애완용품점,강원도,208
1049,애완용품점,대전광역시,268
1050,애완용품점,충청북도,217
1051,애완용품점,충청남도,317
1052,애완용품점,세종특별자치시,26
1053,애완용품점,광주광역시,201
1054,애완용품점,전라북도,209
1055,애완용품점,전라남도,171
1056,애완용품점,대구광역시,351
1057,애완용품점,경상북도,394
1058,애완용품점,부산광역시,572
1059,애완용품점,울산광역시,132
1060,애완용품점,경상남도,507
1061,애완용품점,제주특별자치도,80
1062,약국,합계,"22,271"
1063,약국,서울특별시,"5,001"
1064,약국,인천광역시,"1,079"
1065,약국,경기도,"4,856"
1066,약국,강원도,669
1067,약국,대전광역시,739
1068,약국,충청북도,661
1069,약국,충청남도,928
1070,약국,세종특별자치시,111
1071,약국,광주광역시,671
1072,약국,전라북도,910
1073,약국,전라남도,790
1074,약국,대구광역시,"1,259"
1075,약국,경상북도,"1,105"
1076,약국,부산광역시,"1,520"
1077,약국,울산광역시,416
1078,약국,경상남도,"1,274"
1079,약국,제주특별자치도,282
1080,여관ㆍ모텔,합계,"21,342"
1081,여관ㆍ모텔,서울특별시,"2,083"
1082,여관ㆍ모텔,인천광역시,846
1083,여관ㆍ모텔,경기도,"3,294"
1084,여관ㆍ모텔,강원도,"1,568"
1085,여관ㆍ모텔,대전광역시,664
1086,여관ㆍ모텔,충청북도,878
1087,여관ㆍ모텔,충청남도,"1,509"
1088,여관ㆍ모텔,세종특별자치시,67
1089,여관ㆍ모텔,광주광역시,527
1090,여관ㆍ모텔,전라북도,"1,035"
1091,여관ㆍ모텔,전라남도,"1,309"
1092,여관ㆍ모텔,대구광역시,748
1093,여관ㆍ모텔,경상북도,"1,973"
1094,여관ㆍ모텔,부산광역시,"1,440"
1095,여관ㆍ모텔,울산광역시,628
1096,여관ㆍ모텔,경상남도,"2,370"
1097,여관ㆍ모텔,제주특별자치도,403
1098,여행사,합계,"13,906"
1099,여행사,서울특별시,"5,571"
1100,여행사,인천광역시,392
1101,여행사,경기도,"1,678"
1102,여행사,강원도,331
1103,여행사,대전광역시,316
1104,여행사,충청북도,277
1105,여행사,충청남도,305
1106,여행사,세종특별자치시,47
1107,여행사,광주광역시,397
1108,여행사,전라북도,417
1109,여행사,전라남도,424
1110,여행사,대구광역시,527
1111,여행사,경상북도,453
1112,여행사,부산광역시,"1,073"
1113,여행사,울산광역시,187
1114,여행사,경상남도,577
1115,여행사,제주특별자치도,934
1116,예술학원,합계,"30,501"
1117,예술학원,서울특별시,"5,451"
1118,예술학원,인천광역시,"1,499"
1119,예술학원,경기도,"8,377"
1120,예술학원,강원도,871
1121,예술학원,대전광역시,907
1122,예술학원,충청북도,885
1123,예술학원,충청남도,"1,075"
1124,예술학원,세종특별자치시,247
1125,예술학원,광주광역시,"1,083"
1126,예술학원,전라북도,"1,327"
1127,예술학원,전라남도,883
1128,예술학원,대구광역시,"1,345"
1129,예술학원,경상북도,"1,382"
1130,예술학원,부산광역시,"1,772"
1131,예술학원,울산광역시,789
1132,예술학원,경상남도,"2,182"
1133,예술학원,제주특별자치도,426
1134,예식장,합계,950
1135,예식장,서울특별시,177
1136,예식장,인천광역시,31
1137,예식장,경기도,154
1138,예식장,강원도,41
1139,예식장,대전광역시,23
1140,예식장,충청북도,40
1141,예식장,충청남도,70
1142,예식장,세종특별자치시,4
1143,예식장,광주광역시,30
1144,예식장,전라북도,48
1145,예식장,전라남도,43
1146,예식장,대구광역시,37
1147,예식장,경상북도,69
1148,예식장,부산광역시,75
1149,예식장,울산광역시,14
1150,예식장,경상남도,71
1151,예식장,제주특별자치도,23
1152,옷가게,합계,"86,636"
1153,옷가게,서울특별시,"16,090"
1154,옷가게,인천광역시,"4,035"
1155,옷가게,경기도,"17,475"
1156,옷가게,강원도,"3,198"
1157,옷가게,대전광역시,"2,834"
1158,옷가게,충청북도,"2,962"
1159,옷가게,충청남도,"3,348"
1160,옷가게,세종특별자치시,320
1161,옷가게,광주광역시,"3,159"
1162,옷가게,전라북도,"3,499"
1163,옷가게,전라남도,"3,079"
1164,옷가게,대구광역시,"5,358"
1165,옷가게,경상북도,"4,702"
1166,옷가게,부산광역시,"7,214"
1167,옷가게,울산광역시,"1,868"
1168,옷가게,경상남도,"5,866"
1169,옷가게,제주특별자치도,"1,629"
1170,의료용품가게,합계,"6,878"
1171,의료용품가게,서울특별시,"1,562"
1172,의료용품가게,인천광역시,314
1173,의료용품가게,경기도,"1,455"
1174,의료용품가게,강원도,174
1175,의료용품가게,대전광역시,275
1176,의료용품가게,충청북도,176
1177,의료용품가게,충청남도,264
1178,의료용품가게,세종특별자치시,20
1179,의료용품가게,광주광역시,318
1180,의료용품가게,전라북도,317
1181,의료용품가게,전라남도,219
1182,의료용품가게,대구광역시,343
1183,의료용품가게,경상북도,255
1184,의료용품가게,부산광역시,599
1185,의료용품가게,울산광역시,105
1186,의료용품가게,경상남도,403
1187,의료용품가게,제주특별자치도,79
1188,이륜자동차판매점,합계,"2,587"
1189,이륜자동차판매점,서울특별시,459
1190,이륜자동차판매점,인천광역시,90
1191,이륜자동차판매점,경기도,434
1192,이륜자동차판매점,강원도,89
1193,이륜자동차판매점,대전광역시,57
1194,이륜자동차판매점,충청북도,83
1195,이륜자동차판매점,충청남도,142
1196,이륜자동차판매점,세종특별자치시,8
1197,이륜자동차판매점,광주광역시,65
1198,이륜자동차판매점,전라북도,128
1199,이륜자동차판매점,전라남도,147
1200,이륜자동차판매점,대구광역시,149
1201,이륜자동차판매점,경상북도,206
1202,이륜자동차판매점,부산광역시,205
1203,이륜자동차판매점,울산광역시,71
1204,이륜자동차판매점,경상남도,216
1205,이륜자동차판매점,제주특별자치도,38
1206,이발소,합계,"11,825"
1207,이발소,서울특별시,"2,162"
1208,이발소,인천광역시,411
1209,이발소,경기도,"2,080"
1210,이발소,강원도,639
1211,이발소,대전광역시,406
1212,이발소,충청북도,415
1213,이발소,충청남도,606
1214,이발소,세종특별자치시,33
1215,이발소,광주광역시,260
1216,이발소,전라북도,448
1217,이발소,전라남도,554
1218,이발소,대구광역시,586
1219,이발소,경상북도,872
1220,이발소,부산광역시,"1,038"
1221,이발소,울산광역시,364
1222,이발소,경상남도,789
1223,이발소,제주특별자치도,162
1224,이비인후과 의원,합계,"2,548"
1225,이비인후과 의원,서울특별시,676
1226,이비인후과 의원,인천광역시,134
1227,이비인후과 의원,경기도,632
1228,이비인후과 의원,강원도,49
1229,이비인후과 의원,대전광역시,81
1230,이비인후과 의원,충청북도,63
1231,이비인후과 의원,충청남도,55
1232,이비인후과 의원,세종특별자치시,14
1233,이비인후과 의원,광주광역시,75
1234,이비인후과 의원,전라북도,73
1235,이비인후과 의원,전라남도,48
1236,이비인후과 의원,대구광역시,160
1237,이비인후과 의원,경상북도,87
1238,이비인후과 의원,부산광역시,201
1239,이비인후과 의원,울산광역시,47
1240,이비인후과 의원,경상남도,126
1241,이비인후과 의원,제주특별자치도,27
1242,일반외과 의원,합계,"4,719"
1243,일반외과 의원,서울특별시,"1,041"
1244,일반외과 의원,인천광역시,254
1245,일반외과 의원,경기도,"1,095"
1246,일반외과 의원,강원도,129
1247,일반외과 의원,대전광역시,148
1248,일반외과 의원,충청북도,168
1249,일반외과 의원,충청남도,191
1250,일반외과 의원,세종특별자치시,31
1251,일반외과 의원,광주광역시,95
1252,일반외과 의원,전라북도,185
1253,일반외과 의원,전라남도,138
1254,일반외과 의원,대구광역시,296
1255,일반외과 의원,경상북도,239
1256,일반외과 의원,부산광역시,322
1257,일반외과 의원,울산광역시,77
1258,일반외과 의원,경상남도,240
1259,일반외과 의원,제주특별자치도,70
1260,일식전문점,합계,"17,768"
1261,일식전문점,서울특별시,"5,438"
1262,일식전문점,인천광역시,"1,009"
1263,일식전문점,경기도,"3,577"
1264,일식전문점,강원도,"1,021"
1265,일식전문점,대전광역시,440
1266,일식전문점,충청북도,483
1267,일식전문점,충청남도,735
1268,일식전문점,세종특별자치시,87
1269,일식전문점,광주광역시,260
1270,일식전문점,전라북도,476
1271,일식전문점,전라남도,423
1272,일식전문점,대구광역시,795
1273,일식전문점,경상북도,522
1274,일식전문점,부산광역시,"1,008"
1275,일식전문점,울산광역시,256
1276,일식전문점,경상남도,732
1277,일식전문점,제주특별자치도,506
1278,자동차수리점,합계,"43,087"
1279,자동차수리점,서울특별시,"4,874"
1280,자동차수리점,인천광역시,"2,249"
1281,자동차수리점,경기도,"10,733"
1282,자동차수리점,강원도,"1,762"
1283,자동차수리점,대전광역시,"1,391"
1284,자동차수리점,충청북도,"1,797"
1285,자동차수리점,충청남도,"2,375"
1286,자동차수리점,세종특별자치시,184
1287,자동차수리점,광주광역시,"1,501"
1288,자동차수리점,전라북도,"1,976"
1289,자동차수리점,전라남도,"1,979"
1290,자동차수리점,대구광역시,"2,188"
1291,자동차수리점,경상북도,"2,989"
1292,자동차수리점,부산광역시,"2,333"
1293,자동차수리점,울산광역시,"1,066"
1294,자동차수리점,경상남도,"3,148"
1295,자동차수리점,제주특별자치도,542
1296,자전거판매점,합계,"2,581"
1297,자전거판매점,서울특별시,406
1298,자전거판매점,인천광역시,112
1299,자전거판매점,경기도,617
1300,자전거판매점,강원도,92
1301,자전거판매점,대전광역시,99
1302,자전거판매점,충청북도,89
1303,자전거판매점,충청남도,114
1304,자전거판매점,세종특별자치시,10
1305,자전거판매점,광주광역시,64
1306,자전거판매점,전라북도,134
1307,자전거판매점,전라남도,101
1308,자전거판매점,대구광역시,163
1309,자전거판매점,경상북도,170
1310,자전거판매점,부산광역시,109
1311,자전거판매점,울산광역시,61
1312,자전거판매점,경상남도,206
1313,자전거판매점,제주특별자치도,34
1314,장난감가게,합계,"2,139"
1315,장난감가게,서울특별시,414
1316,장난감가게,인천광역시,107
1317,장난감가게,경기도,593
1318,장난감가게,강원도,62
1319,장난감가게,대전광역시,69
1320,장난감가게,충청북도,73
1321,장난감가게,충청남도,86
1322,장난감가게,세종특별자치시,24
1323,장난감가게,광주광역시,56
1324,장난감가게,전라북도,65
1325,장난감가게,전라남도,58
1326,장난감가게,대구광역시,95
1327,장난감가게,경상북도,104
1328,장난감가게,부산광역시,140
1329,장난감가게,울산광역시,40
1330,장난감가게,경상남도,116
1331,장난감가게,제주특별자치도,37
1332,정육점,합계,"19,586"
1333,정육점,서울특별시,"2,790"
1334,정육점,인천광역시,"1,057"
1335,정육점,경기도,"4,231"
1336,정육점,강원도,834
1337,정육점,대전광역시,749
1338,정육점,충청북도,773
1339,정육점,충청남도,"1,031"
1340,정육점,세종특별자치시,112
1341,정육점,광주광역시,512
1342,정육점,전라북도,"1,067"
1343,정육점,전라남도,809
1344,정육점,대구광역시,"1,283"
1345,정육점,경상북도,"1,232"
1346,정육점,부산광역시,"1,088"
1347,정육점,울산광역시,569
1348,정육점,경상남도,"1,165"
1349,정육점,제주특별자치도,284
1350,제과점,합계,"16,252"
1351,제과점,서울특별시,"3,443"
1352,제과점,인천광역시,749
1353,제과점,경기도,"3,697"
1354,제과점,강원도,527
1355,제과점,대전광역시,477
1356,제과점,충청북도,486
1357,제과점,충청남도,669
1358,제과점,세종특별자치시,107
1359,제과점,광주광역시,462
1360,제과점,전라북도,588
1361,제과점,전라남도,542
1362,제과점,대구광역시,875
1363,제과점,경상북도,854
1364,제과점,부산광역시,"1,021"
1365,제과점,울산광역시,347
1366,제과점,경상남도,"1,031"
1367,제과점,제주특별자치도,377
1368,종합병원,합계,"3,344"
1369,종합병원,서울특별시,429
1370,종합병원,인천광역시,141
1371,종합병원,경기도,650
1372,종합병원,강원도,87
1373,종합병원,대전광역시,99
1374,종합병원,충청북도,98
1375,종합병원,충청남도,139
1376,종합병원,세종특별자치시,11
1377,종합병원,광주광역시,162
1378,종합병원,전라북도,169
1379,종합병원,전라남도,191
1380,종합병원,대구광역시,185
1381,종합병원,경상북도,233
1382,종합병원,부산광역시,339
1383,종합병원,울산광역시,92
1384,종합병원,경상남도,296
1385,종합병원,제주특별자치도,23
1386,주유소,합계,"10,825"
1387,주유소,서울특별시,409
1388,주유소,인천광역시,291
1389,주유소,경기도,"2,184"
1390,주유소,강원도,635
1391,주유소,대전광역시,229
1392,주유소,충청북도,712
1393,주유소,충청남도,998
1394,주유소,세종특별자치시,67
1395,주유소,광주광역시,267
1396,주유소,전라북도,830
1397,주유소,전라남도,828
1398,주유소,대구광역시,329
1399,주유소,경상북도,"1,210"
1400,주유소,부산광역시,371
1401,주유소,울산광역시,218
1402,주유소,경상남도,"1,065"
1403,주유소,제주특별자치도,182
1404,주차장운영업,합계,"7,383"
1405,주차장운영업,서울특별시,"1,723"
1406,주차장운영업,인천광역시,277
1407,주차장운영업,경기도,"1,093"
1408,주차장운영업,강원도,143
1409,주차장운영업,대전광역시,171
1410,주차장운영업,충청북도,139
1411,주차장운영업,충청남도,122
1412,주차장운영업,세종특별자치시,21
1413,주차장운영업,광주광역시,246
1414,주차장운영업,전라북도,115
1415,주차장운영업,전라남도,90
1416,주차장운영업,대구광역시,437
1417,주차장운영업,경상북도,234
1418,주차장운영업,부산광역시,"1,687"
1419,주차장운영업,울산광역시,222
1420,주차장운영업,경상남도,625
1421,주차장운영업,제주특별자치도,38
1422,중고차판매점,합계,"4,735"
1423,중고차판매점,서울특별시,472
1424,중고차판매점,인천광역시,286
1425,중고차판매점,경기도,"1,012"
1426,중고차판매점,강원도,153
1427,중고차판매점,대전광역시,164
1428,중고차판매점,충청북도,192
1429,중고차판매점,충청남도,211
1430,중고차판매점,세종특별자치시,3
1431,중고차판매점,광주광역시,233
1432,중고차판매점,전라북도,290
1433,중고차판매점,전라남도,212
1434,중고차판매점,대구광역시,463
1435,중고차판매점,경상북도,336
1436,중고차판매점,부산광역시,237
1437,중고차판매점,울산광역시,103
1438,중고차판매점,경상남도,315
1439,중고차판매점,제주특별자치도,53
1440,중식전문점,합계,"23,325"
1441,중식전문점,서울특별시,"4,526"
1442,중식전문점,인천광역시,"1,121"
1443,중식전문점,경기도,"4,793"
1444,중식전문점,강원도,986
1445,중식전문점,대전광역시,545
1446,중식전문점,충청북도,873
1447,중식전문점,충청남도,"1,185"
1448,중식전문점,세종특별자치시,129
1449,중식전문점,광주광역시,488
1450,중식전문점,전라북도,"1,004"
1451,중식전문점,전라남도,800
1452,중식전문점,대구광역시,"1,222"
1453,중식전문점,경상북도,"1,447"
1454,중식전문점,부산광역시,"1,715"
1455,중식전문점,울산광역시,488
1456,중식전문점,경상남도,"1,624"
1457,중식전문점,제주특별자치도,379
1458,채소가게,합계,"10,937"
1459,채소가게,서울특별시,"1,513"
1460,채소가게,인천광역시,515
1461,채소가게,경기도,"1,883"
1462,채소가게,강원도,771
1463,채소가게,대전광역시,263
1464,채소가게,충청북도,481
1465,채소가게,충청남도,674
1466,채소가게,세종특별자치시,50
1467,채소가게,광주광역시,211
1468,채소가게,전라북도,613
1469,채소가게,전라남도,710
1470,채소가게,대구광역시,422
1471,채소가게,경상북도,919
1472,채소가게,부산광역시,688
1473,채소가게,울산광역시,123
1474,채소가게,경상남도,816
1475,채소가게,제주특별자치도,285
1476,철물점,합계,"8,870"
1477,철물점,서울특별시,"1,408"
1478,철물점,인천광역시,504
1479,철물점,경기도,"1,864"
1480,철물점,강원도,456
1481,철물점,대전광역시,285
1482,철물점,충청북도,353
1483,철물점,충청남도,464
1484,철물점,세종특별자치시,39
1485,철물점,광주광역시,290
1486,철물점,전라북도,425
1487,철물점,전라남도,452
1488,철물점,대구광역시,347
1489,철물점,경상북도,486
1490,철물점,부산광역시,679
1491,철물점,울산광역시,175
1492,철물점,경상남도,545
1493,철물점,제주특별자치도,98
1494,치과병원ㆍ의원,합계,"17,975"
1495,치과병원ㆍ의원,서울특별시,"4,873"
1496,치과병원ㆍ의원,인천광역시,904
1497,치과병원ㆍ의원,경기도,"4,176"
1498,치과병원ㆍ의원,강원도,386
1499,치과병원ㆍ의원,대전광역시,530
1500,치과병원ㆍ의원,충청북도,417
1501,치과병원ㆍ의원,충청남도,562
1502,치과병원ㆍ의원,세종특별자치시,80
1503,치과병원ㆍ의원,광주광역시,631
1504,치과병원ㆍ의원,전라북도,573
1505,치과병원ㆍ의원,전라남도,480
1506,치과병원ㆍ의원,대구광역시,898
1507,치과병원ㆍ의원,경상북도,673
1508,치과병원ㆍ의원,부산광역시,"1,294"
1509,치과병원ㆍ의원,울산광역시,384
1510,치과병원ㆍ의원,경상남도,904
1511,치과병원ㆍ의원,제주특별자치도,210
1512,침구ㆍ커튼가게,합계,"10,014"
1513,침구ㆍ커튼가게,서울특별시,"1,326"
1514,침구ㆍ커튼가게,인천광역시,433
1515,침구ㆍ커튼가게,경기도,"1,890"
1516,침구ㆍ커튼가게,강원도,403
1517,침구ㆍ커튼가게,대전광역시,426
1518,침구ㆍ커튼가게,충청북도,394
1519,침구ㆍ커튼가게,충청남도,507
1520,침구ㆍ커튼가게,세종특별자치시,51
1521,침구ㆍ커튼가게,광주광역시,400
1522,침구ㆍ커튼가게,전라북도,499
1523,침구ㆍ커튼가게,전라남도,493
1524,침구ㆍ커튼가게,대구광역시,651
1525,침구ㆍ커튼가게,경상북도,678
1526,침구ㆍ커튼가게,부산광역시,710
1527,침구ㆍ커튼가게,울산광역시,230
1528,침구ㆍ커튼가게,경상남도,702
1529,침구ㆍ커튼가게,제주특별자치도,221
1530,커피음료점,합계,"52,374"
1531,커피음료점,서울특별시,"10,764"
1532,커피음료점,인천광역시,"2,614"
1533,커피음료점,경기도,"10,884"
1534,커피음료점,강원도,"1,830"
1535,커피음료점,대전광역시,"1,929"
1536,커피음료점,충청북도,"1,789"
1537,커피음료점,충청남도,"2,346"
1538,커피음료점,세종특별자치시,317
1539,커피음료점,광주광역시,"1,198"
1540,커피음료점,전라북도,"2,163"
1541,커피음료점,전라남도,"1,763"
1542,커피음료점,대구광역시,"2,481"
1543,커피음료점,경상북도,"3,728"
1544,커피음료점,부산광역시,"2,868"
1545,커피음료점,울산광역시,"1,293"
1546,커피음료점,경상남도,"3,402"
1547,커피음료점,제주특별자치도,"1,005"
1548,컴퓨터판매점,합계,"4,936"
1549,컴퓨터판매점,서울특별시,985
1550,컴퓨터판매점,인천광역시,201
1551,컴퓨터판매점,경기도,"1,098"
1552,컴퓨터판매점,강원도,179
1553,컴퓨터판매점,대전광역시,174
1554,컴퓨터판매점,충청북도,187
1555,컴퓨터판매점,충청남도,203
1556,컴퓨터판매점,세종특별자치시,34
1557,컴퓨터판매점,광주광역시,191
1558,컴퓨터판매점,전라북도,214
1559,컴퓨터판매점,전라남도,176
1560,컴퓨터판매점,대구광역시,226
1561,컴퓨터판매점,경상북도,323
1562,컴퓨터판매점,부산광역시,243
1563,컴퓨터판매점,울산광역시,95
1564,컴퓨터판매점,경상남도,314
1565,컴퓨터판매점,제주특별자치도,93
1566,통신판매업,합계,"223,126"
1567,통신판매업,서울특별시,"67,142"
1568,통신판매업,인천광역시,"14,659"
1569,통신판매업,경기도,"64,369"
1570,통신판매업,강원도,"3,061"
1571,통신판매업,대전광역시,"5,367"
1572,통신판매업,충청북도,"4,223"
1573,통신판매업,충청남도,"5,346"
1574,통신판매업,세종특별자치시,867
1575,통신판매업,광주광역시,"5,116"
1576,통신판매업,전라북도,"4,408"
1577,통신판매업,전라남도,"4,110"
1578,통신판매업,대구광역시,"10,636"
1579,통신판매업,경상북도,"7,029"
1580,통신판매업,부산광역시,"14,099"
1581,통신판매업,울산광역시,"2,796"
1582,통신판매업,경상남도,"8,143"
1583,통신판매업,제주특별자치도,"1,755"
1584,패스트푸드점,합계,"36,388"
1585,패스트푸드점,서울특별시,"5,837"
1586,패스트푸드점,인천광역시,"1,624"
1587,패스트푸드점,경기도,"7,762"
1588,패스트푸드점,강원도,"1,832"
1589,패스트푸드점,대전광역시,997
1590,패스트푸드점,충청북도,"1,503"
1591,패스트푸드점,충청남도,"1,980"
1592,패스트푸드점,세종특별자치시,299
1593,패스트푸드점,광주광역시,"1,002"
1594,패스트푸드점,전라북도,"1,554"
1595,패스트푸드점,전라남도,"1,499"
1596,패스트푸드점,대구광역시,"1,283"
1597,패스트푸드점,경상북도,"2,189"
1598,패스트푸드점,부산광역시,"2,443"
1599,패스트푸드점,울산광역시,928
1600,패스트푸드점,경상남도,"3,102"
1601,패스트푸드점,제주특별자치도,554
1602,펜션ㆍ게스트하우스,합계,"11,260"
1603,펜션ㆍ게스트하우스,서울특별시,587
1604,펜션ㆍ게스트하우스,인천광역시,533
1605,펜션ㆍ게스트하우스,경기도,"1,473"
1606,펜션ㆍ게스트하우스,강원도,"2,026"
1607,펜션ㆍ게스트하우스,대전광역시,17
1608,펜션ㆍ게스트하우스,충청북도,294
1609,펜션ㆍ게스트하우스,충청남도,"1,099"
1610,펜션ㆍ게스트하우스,세종특별자치시,4
1611,펜션ㆍ게스트하우스,광주광역시,14
1612,펜션ㆍ게스트하우스,전라북도,331
1613,펜션ㆍ게스트하우스,전라남도,570
1614,펜션ㆍ게스트하우스,대구광역시,22
1615,펜션ㆍ게스트하우스,경상북도,997
1616,펜션ㆍ게스트하우스,부산광역시,119
1617,펜션ㆍ게스트하우스,울산광역시,111
1618,펜션ㆍ게스트하우스,경상남도,"1,153"
1619,펜션ㆍ게스트하우스,제주특별자치도,"1,910"
1620,편의점,합계,"39,366"
1621,편의점,서울특별시,"7,803"
1622,편의점,인천광역시,"2,088"
1623,편의점,경기도,"9,558"
1624,편의점,강원도,"1,589"
1625,편의점,대전광역시,"1,068"
1626,편의점,충청북도,"1,411"
1627,편의점,충청남도,"2,074"
1628,편의점,세종특별자치시,231
1629,편의점,광주광역시,"1,010"
1630,편의점,전라북도,"1,163"
1631,편의점,전라남도,"1,071"
1632,편의점,대구광역시,"1,441"
1633,편의점,경상북도,"1,808"
1634,편의점,부산광역시,"2,346"
1635,편의점,울산광역시,843
1636,편의점,경상남도,"2,804"
1637,편의점,제주특별자치도,"1,058"
1638,피부관리업,합계,"33,073"
1639,피부관리업,서울특별시,"6,690"
1640,피부관리업,인천광역시,"1,880"
1641,피부관리업,경기도,"7,548"
1642,피부관리업,강원도,951
1643,피부관리업,대전광역시,"1,083"
1644,피부관리업,충청북도,974
1645,피부관리업,충청남도,"1,167"
1646,피부관리업,세종특별자치시,140
1647,피부관리업,광주광역시,"1,406"
1648,피부관리업,전라북도,"1,043"
1649,피부관리업,전라남도,"1,227"
1650,피부관리업,대구광역시,"1,395"
1651,피부관리업,경상북도,"1,390"
1652,피부관리업,부산광역시,"2,453"
1653,피부관리업,울산광역시,695
1654,피부관리업,경상남도,"2,399"
1655,피부관리업,제주특별자치도,632
1656,피부ㆍ비뇨기과 의원,합계,"3,794"
1657,피부ㆍ비뇨기과 의원,서울특별시,"1,294"
1658,피부ㆍ비뇨기과 의원,인천광역시,167
1659,피부ㆍ비뇨기과 의원,경기도,793
1660,피부ㆍ비뇨기과 의원,강원도,58
1661,피부ㆍ비뇨기과 의원,대전광역시,109
1662,피부ㆍ비뇨기과 의원,충청북도,72
1663,피부ㆍ비뇨기과 의원,충청남도,95
1664,피부ㆍ비뇨기과 의원,세종특별자치시,14
1665,피부ㆍ비뇨기과 의원,광주광역시,126
1666,피부ㆍ비뇨기과 의원,전라북도,89
1667,피부ㆍ비뇨기과 의원,전라남도,72
1668,피부ㆍ비뇨기과 의원,대구광역시,202
1669,피부ㆍ비뇨기과 의원,경상북도,98
1670,피부ㆍ비뇨기과 의원,부산광역시,325
1671,피부ㆍ비뇨기과 의원,울산광역시,76
1672,피부ㆍ비뇨기과 의원,경상남도,165
1673,피부ㆍ비뇨기과 의원,제주특별자치도,39
1674,한방병원ㆍ한의원,합계,"14,695"
1675,한방병원ㆍ한의원,서울특별시,"3,679"
1676,한방병원ㆍ한의원,인천광역시,679
1677,한방병원ㆍ한의원,경기도,"3,155"
1678,한방병원ㆍ한의원,강원도,357
1679,한방병원ㆍ한의원,대전광역시,527
1680,한방병원ㆍ한의원,충청북도,401
1681,한방병원ㆍ한의원,충청남도,522
1682,한방병원ㆍ한의원,세종특별자치시,75
1683,한방병원ㆍ한의원,광주광역시,416
1684,한방병원ㆍ한의원,전라북도,538
1685,한방병원ㆍ한의원,전라남도,402
1686,한방병원ㆍ한의원,대구광역시,880
1687,한방병원ㆍ한의원,경상북도,635
1688,한방병원ㆍ한의원,부산광역시,"1,143"
1689,한방병원ㆍ한의원,울산광역시,287
1690,한방병원ㆍ한의원,경상남도,807
1691,한방병원ㆍ한의원,제주특별자치도,192
1692,한식전문점,합계,"378,724"
1693,한식전문점,서울특별시,"52,736"
1694,한식전문점,인천광역시,"17,058"
1695,한식전문점,경기도,"77,957"
1696,한식전문점,강원도,"19,271"
1697,한식전문점,대전광역시,"11,507"
1698,한식전문점,충청북도,"15,008"
1699,한식전문점,충청남도,"19,065"
1700,한식전문점,세종특별자치시,"1,928"
1701,한식전문점,광주광역시,"9,558"
1702,한식전문점,전라북도,"13,973"
1703,한식전문점,전라남도,"17,262"
1704,한식전문점,대구광역시,"19,565"
1705,한식전문점,경상북도,"29,086"
1706,한식전문점,부산광역시,"23,703"
1707,한식전문점,울산광역시,"10,801"
1708,한식전문점,경상남도,"31,752"
1709,한식전문점,제주특별자치도,"8,494"
1710,헬스클럽,합계,"7,144"
1711,헬스클럽,서울특별시,"1,704"
1712,헬스클럽,인천광역시,381
1713,헬스클럽,경기도,"1,680"
1714,헬스클럽,강원도,205
1715,헬스클럽,대전광역시,224
1716,헬스클럽,충청북도,249
1717,헬스클럽,충청남도,264
1718,헬스클럽,세종특별자치시,36
1719,헬스클럽,광주광역시,216
1720,헬스클럽,전라북도,213
1721,헬스클럽,전라남도,162
1722,헬스클럽,대구광역시,355
1723,헬스클럽,경상북도,343
1724,헬스클럽,부산광역시,490
1725,헬스클럽,울산광역시,132
1726,헬스클럽,경상남도,386
1727,헬스클럽,제주특별자치도,104
1728,호프전문점,합계,"34,777"
1729,호프전문점,서울특별시,"7,403"
1730,호프전문점,인천광역시,"1,824"
1731,호프전문점,경기도,"7,127"
1732,호프전문점,강원도,"1,485"
1733,호프전문점,대전광역시,"1,016"
1734,호프전문점,충청북도,"1,812"
1735,호프전문점,충청남도,"1,728"
1736,호프전문점,세종특별자치시,165
1737,호프전문점,광주광역시,"2,406"
1738,호프전문점,전라북도,"1,377"
1739,호프전문점,전라남도,"2,458"
1740,호프전문점,대구광역시,587
1741,호프전문점,경상북도,"1,068"
1742,호프전문점,부산광역시,"1,839"
1743,호프전문점,울산광역시,353
1744,호프전문점,경상남도,"1,539"
1745,호프전문점,제주특별자치도,590
1746,화장품가게,합계,"34,962"
1747,화장품가게,서울특별시,"6,811"
1748,화장품가게,인천광역시,"1,449"
1749,화장품가게,경기도,"7,771"
1750,화장품가게,강원도,"1,070"
1751,화장품가게,대전광역시,"1,220"
1752,화장품가게,충청북도,"1,032"
1753,화장품가게,충청남도,"1,287"
1754,화장품가게,세종특별자치시,131
1755,화장품가게,광주광역시,"1,118"
1756,화장품가게,전라북도,"1,399"
1757,화장품가게,전라남도,"1,057"
1758,화장품가게,대구광역시,"2,167"
1759,화장품가게,경상북도,"1,871"
1760,화장품가게,부산광역시,"2,496"
1761,화장품가게,울산광역시,955
1762,화장품가게,경상남도,"2,434"
1763,화장품가게,제주특별자치도,694
1764,휴대폰가게,합계,"17,954"
1765,휴대폰가게,서울특별시,"2,986"
1766,휴대폰가게,인천광역시,904
1767,휴대폰가게,경기도,"3,901"
1768,휴대폰가게,강원도,588
1769,휴대폰가게,대전광역시,680
1770,휴대폰가게,충청북도,539
1771,휴대폰가게,충청남도,845
1772,휴대폰가게,세종특별자치시,74
1773,휴대폰가게,광주광역시,588
1774,휴대폰가게,전라북도,733
1775,휴대폰가게,전라남도,619
1776,휴대폰가게,대구광역시,"1,005"
1777,휴대폰가게,경상북도,"1,086"
1778,휴대폰가게,부산광역시,"1,396"
1779,휴대폰가게,울산광역시,505
1780,휴대폰가게,경상남도,"1,292"
1781,휴대폰가게,제주특별자치도,213
1782,LPG충전소,합계,"1,605"
1783,LPG충전소,서울특별시,76
1784,LPG충전소,인천광역시,70
1785,LPG충전소,경기도,372
1786,LPG충전소,강원도,93
1787,LPG충전소,대전광역시,38
1788,LPG충전소,충청북도,75
1789,LPG충전소,충청남도,128
1790,LPG충전소,세종특별자치시,4
1791,LPG충전소,광주광역시,41
1792,LPG충전소,전라북도,101
1793,LPG충전소,전라남도,125
1794,LPG충전소,대구광역시,44
1795,LPG충전소,경상북도,163
1796,LPG충전소,부산광역시,58
1797,LPG충전소,울산광역시,30
1798,LPG충전소,경상남도,151
1799,LPG충전소,제주특별자치도,36
1800,pc방,합계,"10,480"
1801,pc방,서울특별시,"1,731"
1802,pc방,인천광역시,539
1803,pc방,경기도,"2,413"
1804,pc방,강원도,420
1805,pc방,대전광역시,332
1806,pc방,충청북도,329
1807,pc방,충청남도,431
1808,pc방,세종특별자치시,42
1809,pc방,광주광역시,426
1810,pc방,전라북도,448
1811,pc방,전라남도,375
1812,pc방,대구광역시,587
1813,pc방,경상북도,593
1814,pc방,부산광역시,662
1815,pc방,울산광역시,297
1816,pc방,경상남도,678
1817,pc방,제주특별자치도,177
